{"errors":[],"warnings":[],"namedChunkGroups":{"app":{"chunks":[5,0,1],"assets":["webpack-runtime-42785e0a0f585f42081c.js","webpack-runtime-42785e0a0f585f42081c.js.map","commons-d4d8fbfae4fd739aadc1.js","commons-d4d8fbfae4fd739aadc1.js.map","app-13217353203d9d9f75bb.js","app-13217353203d9d9f75bb.js.map"],"children":{},"childAssets":{}},"component---src-pages-404-js":{"chunks":[0,2],"assets":["commons-d4d8fbfae4fd739aadc1.js","commons-d4d8fbfae4fd739aadc1.js.map","component---src-pages-404-js-2e524d4471df83693a88.js","component---src-pages-404-js-2e524d4471df83693a88.js.map"],"children":{},"childAssets":{}},"component---src-pages-html-js":{"chunks":[3],"assets":["component---src-pages-html-js-00e05d48d9a1b7449be1.js","component---src-pages-html-js-00e05d48d9a1b7449be1.js.map"],"children":{},"childAssets":{}},"component---src-pages-index-js":{"chunks":[0,4],"assets":["commons-d4d8fbfae4fd739aadc1.js","commons-d4d8fbfae4fd739aadc1.js.map","component---src-pages-index-js-bdeb4a2a6cf8d1a1c4c6.js","component---src-pages-index-js-bdeb4a2a6cf8d1a1c4c6.js.map"],"children":{},"childAssets":{}}},"assetsByChunkName":{"app":["webpack-runtime-42785e0a0f585f42081c.js","commons-d4d8fbfae4fd739aadc1.js","app-13217353203d9d9f75bb.js"],"component---src-pages-404-js":["commons-d4d8fbfae4fd739aadc1.js","component---src-pages-404-js-2e524d4471df83693a88.js"],"component---src-pages-html-js":["component---src-pages-html-js-00e05d48d9a1b7449be1.js"],"component---src-pages-index-js":["commons-d4d8fbfae4fd739aadc1.js","component---src-pages-index-js-bdeb4a2a6cf8d1a1c4c6.js"]}}